step,ssim,rmse,fid
10000,0.649648468129466,0.4133538173430976,67.76328609718419
